Component,Origin,License,Copyright
@babel/cli@npm:7.8.0,https://yarnpkg.com/package/@babel/cli,MIT,
@babel/code-frame@npm:7.5.5,https://yarnpkg.com/package/@babel/code-frame,MIT,
@babel/code-frame@npm:7.8.0,https://yarnpkg.com/package/@babel/code-frame,MIT,
@babel/core@npm:7.7.4,https://yarnpkg.com/package/@babel/core,MIT,
@babel/core@npm:7.8.0,https://yarnpkg.com/package/@babel/core,MIT,
@babel/generator@npm:7.7.4,https://yarnpkg.com/package/@babel/generator,MIT,
@babel/generator@npm:7.8.0,https://yarnpkg.com/package/@babel/generator,MIT,
@babel/helper-create-class-features-plugin@npm:7.8.0,https://yarnpkg.com/package/@babel/helper-create-class-features-plugin,MIT,
@babel/helper-function-name@npm:7.7.4,https://yarnpkg.com/package/@babel/helper-function-name,MIT,
@babel/helper-function-name@npm:7.8.0,https://yarnpkg.com/package/@babel/helper-function-name,MIT,
@babel/helper-get-function-arity@npm:7.7.4,https://yarnpkg.com/package/@babel/helper-get-function-arity,MIT,
@babel/helper-get-function-arity@npm:7.8.0,https://yarnpkg.com/package/@babel/helper-get-function-arity,MIT,
@babel/helper-member-expression-to-functions@npm:7.8.0,https://yarnpkg.com/package/@babel/helper-member-expression-to-functions,MIT,
@babel/helper-module-imports@npm:7.8.0,https://yarnpkg.com/package/@babel/helper-module-imports,MIT,
@babel/helper-module-transforms@npm:7.8.0,https://yarnpkg.com/package/@babel/helper-module-transforms,MIT,
@babel/helper-optimise-call-expression@npm:7.8.0,https://yarnpkg.com/package/@babel/helper-optimise-call-expression,MIT,
@babel/helper-plugin-utils@npm:7.0.0,https://yarnpkg.com/package/@babel/helper-plugin-utils,MIT,
@babel/helper-plugin-utils@npm:7.8.0,https://yarnpkg.com/package/@babel/helper-plugin-utils,MIT,
@babel/helper-replace-supers@npm:7.8.0,https://yarnpkg.com/package/@babel/helper-replace-supers,MIT,
@babel/helper-simple-access@npm:7.8.0,https://yarnpkg.com/package/@babel/helper-simple-access,MIT,
@babel/helper-split-export-declaration@npm:7.7.4,https://yarnpkg.com/package/@babel/helper-split-export-declaration,MIT,
@babel/helper-split-export-declaration@npm:7.8.0,https://yarnpkg.com/package/@babel/helper-split-export-declaration,MIT,
@babel/helpers@npm:7.7.4,https://yarnpkg.com/package/@babel/helpers,MIT,
@babel/helpers@npm:7.8.0,https://yarnpkg.com/package/@babel/helpers,MIT,
@babel/highlight@npm:7.5.0,https://yarnpkg.com/package/@babel/highlight,MIT,
@babel/highlight@npm:7.8.0,https://yarnpkg.com/package/@babel/highlight,MIT,
@babel/parser@npm:7.7.4,https://yarnpkg.com/package/@babel/parser,MIT,
@babel/parser@npm:7.8.0,https://yarnpkg.com/package/@babel/parser,MIT,
@babel/plugin-syntax-object-rest-spread@npm:7.7.4,https://yarnpkg.com/package/@babel/plugin-syntax-object-rest-spread,MIT,
@babel/plugin-syntax-typescript@npm:7.8.0,https://yarnpkg.com/package/@babel/plugin-syntax-typescript,MIT,
@babel/plugin-transform-modules-commonjs@npm:7.8.0,https://yarnpkg.com/package/@babel/plugin-transform-modules-commonjs,MIT,
@babel/plugin-transform-typescript@npm:7.8.0,https://yarnpkg.com/package/@babel/plugin-transform-typescript,MIT,
@babel/preset-typescript@npm:7.8.0,https://yarnpkg.com/package/@babel/preset-typescript,MIT,
@babel/register@npm:7.8.0,https://yarnpkg.com/package/@babel/register,MIT,
@babel/runtime@npm:7.7.4,https://yarnpkg.com/package/@babel/runtime,MIT,
@babel/template@npm:7.7.4,https://yarnpkg.com/package/@babel/template,MIT,
@babel/template@npm:7.8.0,https://yarnpkg.com/package/@babel/template,MIT,
@babel/traverse@npm:7.7.4,https://yarnpkg.com/package/@babel/traverse,MIT,
@babel/traverse@npm:7.8.0,https://yarnpkg.com/package/@babel/traverse,MIT,
@babel/types@npm:7.7.4,https://yarnpkg.com/package/@babel/types,MIT,
@babel/types@npm:7.8.0,https://yarnpkg.com/package/@babel/types,MIT,
@cnakazawa/watch@npm:1.0.3,https://yarnpkg.com/package/@cnakazawa/watch,Apache-2.0,
@jest/console@npm:24.9.0,https://yarnpkg.com/package/@jest/console,MIT,
@jest/core@npm:24.9.0,https://yarnpkg.com/package/@jest/core,MIT,
@jest/environment@npm:24.9.0,https://yarnpkg.com/package/@jest/environment,MIT,
@jest/fake-timers@npm:24.9.0,https://yarnpkg.com/package/@jest/fake-timers,MIT,
@jest/reporters@npm:24.9.0,https://yarnpkg.com/package/@jest/reporters,MIT,
@jest/source-map@npm:24.9.0,https://yarnpkg.com/package/@jest/source-map,MIT,
@jest/test-result@npm:24.9.0,https://yarnpkg.com/package/@jest/test-result,MIT,
@jest/test-sequencer@npm:24.9.0,https://yarnpkg.com/package/@jest/test-sequencer,MIT,
@jest/transform@npm:24.9.0,https://yarnpkg.com/package/@jest/transform,MIT,
@jest/types@npm:24.9.0,https://yarnpkg.com/package/@jest/types,MIT,
@sindresorhus/is@npm:0.14.0,https://yarnpkg.com/package/@sindresorhus/is,MIT,
@szmarczak/http-timer@npm:1.1.2,https://yarnpkg.com/package/@szmarczak/http-timer,MIT,
@types/babel__core@npm:7.1.3,https://yarnpkg.com/package/@types/babel__core,MIT,
@types/babel__generator@npm:7.6.0,https://yarnpkg.com/package/@types/babel__generator,MIT,
@types/babel__template@npm:7.0.2,https://yarnpkg.com/package/@types/babel__template,MIT,
@types/babel__traverse@npm:7.0.8,https://yarnpkg.com/package/@types/babel__traverse,MIT,
@types/color-name@npm:1.1.1,https://yarnpkg.com/package/@types/color-name,MIT,
@types/eslint-visitor-keys@npm:1.0.0,https://yarnpkg.com/package/@types/eslint-visitor-keys,MIT,
@types/got@npm:9.6.9,https://yarnpkg.com/package/@types/got,MIT,
@types/istanbul-lib-coverage@npm:2.0.1,https://yarnpkg.com/package/@types/istanbul-lib-coverage,MIT,
@types/istanbul-lib-report@npm:1.1.1,https://yarnpkg.com/package/@types/istanbul-lib-report,MIT,
@types/istanbul-reports@npm:1.1.1,https://yarnpkg.com/package/@types/istanbul-reports,MIT,
@types/js-yaml@npm:3.12.1,https://yarnpkg.com/package/@types/js-yaml,MIT,
@types/json-schema@npm:7.0.4,https://yarnpkg.com/package/@types/json-schema,MIT,
@types/node@npm:13.1.6,https://yarnpkg.com/package/@types/node,MIT,
@types/stack-utils@npm:1.0.1,https://yarnpkg.com/package/@types/stack-utils,MIT,
@types/tough-cookie@npm:2.3.6,https://yarnpkg.com/package/@types/tough-cookie,MIT,
@types/yargs-parser@npm:13.1.0,https://yarnpkg.com/package/@types/yargs-parser,MIT,
@types/yargs@npm:13.0.3,https://yarnpkg.com/package/@types/yargs,MIT,
@typescript-eslint/experimental-utils@npm:2.15.0,https://yarnpkg.com/package/@typescript-eslint/experimental-utils,MIT,
@typescript-eslint/parser@npm:2.15.0,https://yarnpkg.com/package/@typescript-eslint/parser,BSD-2-Clause,
@typescript-eslint/typescript-estree@npm:2.15.0,https://yarnpkg.com/package/@typescript-eslint/typescript-estree,BSD-2-Clause,
@yarnpkg/fslib@npm:2.0.0-rc.11,https://yarnpkg.com/package/@yarnpkg/fslib,undefined,
@yarnpkg/fslib@npm:2.0.0-rc.14,https://yarnpkg.com/package/@yarnpkg/fslib,undefined,
@yarnpkg/libzip@npm:2.0.0-rc.5,https://yarnpkg.com/package/@yarnpkg/libzip,undefined,
@yarnpkg/pnpify@npm:2.0.0-rc.14,https://yarnpkg.com/package/@yarnpkg/pnpify,undefined,
abab@npm:2.0.3,https://yarnpkg.com/package/abab,BSD-3-Clause,
abbrev@npm:1.1.1,https://yarnpkg.com/package/abbrev,ISC,
acorn-globals@npm:4.3.4,https://yarnpkg.com/package/acorn-globals,MIT,
acorn-jsx@npm:5.1.0,https://yarnpkg.com/package/acorn-jsx,MIT,
acorn-walk@npm:6.2.0,https://yarnpkg.com/package/acorn-walk,MIT,
acorn@npm:5.7.3,https://yarnpkg.com/package/acorn,MIT,
acorn@npm:6.4.0,https://yarnpkg.com/package/acorn,MIT,
acorn@npm:7.1.0,https://yarnpkg.com/package/acorn,MIT,
ajv@npm:6.10.2,https://yarnpkg.com/package/ajv,MIT,
ansi-escapes@npm:3.2.0,https://yarnpkg.com/package/ansi-escapes,MIT,
ansi-escapes@npm:4.3.0,https://yarnpkg.com/package/ansi-escapes,MIT,
ansi-regex@npm:2.1.1,https://yarnpkg.com/package/ansi-regex,MIT,
ansi-regex@npm:3.0.0,https://yarnpkg.com/package/ansi-regex,MIT,
ansi-regex@npm:4.1.0,https://yarnpkg.com/package/ansi-regex,MIT,
ansi-regex@npm:5.0.0,https://yarnpkg.com/package/ansi-regex,MIT,
ansi-styles@npm:3.2.1,https://yarnpkg.com/package/ansi-styles,MIT,
ansi-styles@npm:4.2.0,https://yarnpkg.com/package/ansi-styles,MIT,
anymatch@npm:2.0.0,https://yarnpkg.com/package/anymatch,ISC,
aproba@npm:1.2.0,https://yarnpkg.com/package/aproba,ISC,
are-we-there-yet@npm:1.1.5,https://yarnpkg.com/package/are-we-there-yet,ISC,
argparse@npm:1.0.10,https://yarnpkg.com/package/argparse,MIT,
arr-diff@npm:4.0.0,https://yarnpkg.com/package/arr-diff,MIT,
arr-flatten@npm:1.1.0,https://yarnpkg.com/package/arr-flatten,MIT,
arr-union@npm:3.1.0,https://yarnpkg.com/package/arr-union,MIT,
array-equal@npm:1.0.0,https://yarnpkg.com/package/array-equal,MIT,
array-unique@npm:0.3.2,https://yarnpkg.com/package/array-unique,MIT,
asn1@npm:0.2.4,https://yarnpkg.com/package/asn1,MIT,
assert-plus@npm:1.0.0,https://yarnpkg.com/package/assert-plus,MIT,
assign-symbols@npm:1.0.0,https://yarnpkg.com/package/assign-symbols,MIT,
astral-regex@npm:1.0.0,https://yarnpkg.com/package/astral-regex,MIT,
async-each@npm:1.0.3,https://yarnpkg.com/package/async-each,MIT,
async-limiter@npm:1.0.1,https://yarnpkg.com/package/async-limiter,MIT,
asynckit@npm:0.4.0,https://yarnpkg.com/package/asynckit,MIT,
atob@npm:2.1.2,https://yarnpkg.com/package/atob,(MIT OR Apache-2.0),
aws-sign2@npm:0.7.0,https://yarnpkg.com/package/aws-sign2,Apache-2.0,
aws4@npm:1.9.0,https://yarnpkg.com/package/aws4,MIT,
babel-jest@npm:24.9.0,https://yarnpkg.com/package/babel-jest,MIT,
babel-plugin-dynamic-import-node@npm:2.3.0,https://yarnpkg.com/package/babel-plugin-dynamic-import-node,MIT,
babel-plugin-istanbul@npm:5.2.0,https://yarnpkg.com/package/babel-plugin-istanbul,BSD-3-Clause,
babel-plugin-jest-hoist@npm:24.9.0,https://yarnpkg.com/package/babel-plugin-jest-hoist,MIT,
babel-preset-jest@npm:24.9.0,https://yarnpkg.com/package/babel-preset-jest,MIT,
balanced-match@npm:1.0.0,https://yarnpkg.com/package/balanced-match,MIT,
base@npm:0.11.2,https://yarnpkg.com/package/base,MIT,
bcrypt-pbkdf@npm:1.0.2,https://yarnpkg.com/package/bcrypt-pbkdf,BSD-3-Clause,
binary-extensions@npm:1.13.1,https://yarnpkg.com/package/binary-extensions,MIT,
brace-expansion@npm:1.1.11,https://yarnpkg.com/package/brace-expansion,MIT,
braces@npm:2.3.2,https://yarnpkg.com/package/braces,MIT,
browser-process-hrtime@npm:0.1.3,https://yarnpkg.com/package/browser-process-hrtime,BSD-2-Clause,
browser-resolve@npm:1.11.3,https://yarnpkg.com/package/browser-resolve,MIT,
bser@npm:2.1.1,https://yarnpkg.com/package/bser,Apache-2.0,
buffer-from@npm:1.1.1,https://yarnpkg.com/package/buffer-from,MIT,
cache-base@npm:1.0.1,https://yarnpkg.com/package/cache-base,MIT,
cacheable-request@npm:6.1.0,https://yarnpkg.com/package/cacheable-request,MIT,
callsites@npm:3.1.0,https://yarnpkg.com/package/callsites,MIT,
camelcase@npm:5.3.1,https://yarnpkg.com/package/camelcase,MIT,
capture-exit@npm:2.0.0,https://yarnpkg.com/package/capture-exit,ISC,
caseless@npm:0.12.0,https://yarnpkg.com/package/caseless,Apache-2.0,
chalk@npm:2.4.2,https://yarnpkg.com/package/chalk,MIT,
chalk@npm:3.0.0,https://yarnpkg.com/package/chalk,MIT,
chardet@npm:0.7.0,https://yarnpkg.com/package/chardet,MIT,
chenille@workspace:.,https://yarnpkg.com/package/chenille,MIT,
chokidar@npm:2.1.8,https://yarnpkg.com/package/chokidar,MIT,
chownr@npm:1.1.3,https://yarnpkg.com/package/chownr,ISC,
ci-info@npm:2.0.0,https://yarnpkg.com/package/ci-info,MIT,
class-utils@npm:0.3.6,https://yarnpkg.com/package/class-utils,MIT,
cli-cursor@npm:3.1.0,https://yarnpkg.com/package/cli-cursor,MIT,
cli-width@npm:2.2.0,https://yarnpkg.com/package/cli-width,ISC,
clipanion@npm:2.1.6,https://yarnpkg.com/package/clipanion,MIT,
cliui@npm:5.0.0,https://yarnpkg.com/package/cliui,ISC,
clone-response@npm:1.0.2,https://yarnpkg.com/package/clone-response,MIT,
co@npm:4.6.0,https://yarnpkg.com/package/co,MIT,
code-point-at@npm:1.1.0,https://yarnpkg.com/package/code-point-at,MIT,
collection-visit@npm:1.0.0,https://yarnpkg.com/package/collection-visit,MIT,
color-convert@npm:1.9.3,https://yarnpkg.com/package/color-convert,MIT,
color-convert@npm:2.0.1,https://yarnpkg.com/package/color-convert,MIT,
color-name@npm:1.1.3,https://yarnpkg.com/package/color-name,MIT,
color-name@npm:1.1.4,https://yarnpkg.com/package/color-name,MIT,
combined-stream@npm:1.0.8,https://yarnpkg.com/package/combined-stream,MIT,
commander@npm:2.20.3,https://yarnpkg.com/package/commander,MIT,
commander@npm:4.1.0,https://yarnpkg.com/package/commander,MIT,
comment-json@npm:2.4.1,https://yarnpkg.com/package/comment-json,MIT,
commondir@npm:1.0.1,https://yarnpkg.com/package/commondir,MIT,
component-emitter@npm:1.3.0,https://yarnpkg.com/package/component-emitter,MIT,
concat-map@npm:0.0.1,https://yarnpkg.com/package/concat-map,MIT,
console-control-strings@npm:1.1.0,https://yarnpkg.com/package/console-control-strings,ISC,
convert-source-map@npm:1.7.0,https://yarnpkg.com/package/convert-source-map,MIT,
copy-descriptor@npm:0.1.1,https://yarnpkg.com/package/copy-descriptor,MIT,
core-util-is@npm:1.0.2,https://yarnpkg.com/package/core-util-is,MIT,
cross-spawn@npm:6.0.5,https://yarnpkg.com/package/cross-spawn,MIT,
cssom@npm:0.3.8,https://yarnpkg.com/package/cssom,MIT,
cssstyle@npm:1.4.0,https://yarnpkg.com/package/cssstyle,MIT,
dashdash@npm:1.14.1,https://yarnpkg.com/package/dashdash,MIT,
data-urls@npm:1.1.0,https://yarnpkg.com/package/data-urls,MIT,
debug@npm:2.6.9,https://yarnpkg.com/package/debug,MIT,
debug@npm:3.2.6,https://yarnpkg.com/package/debug,MIT,
debug@npm:4.1.1,https://yarnpkg.com/package/debug,MIT,
decamelize@npm:1.2.0,https://yarnpkg.com/package/decamelize,MIT,
decode-uri-component@npm:0.2.0,https://yarnpkg.com/package/decode-uri-component,MIT,
decompress-response@npm:3.3.0,https://yarnpkg.com/package/decompress-response,MIT,
deep-extend@npm:0.6.0,https://yarnpkg.com/package/deep-extend,MIT,
deep-is@npm:0.1.3,https://yarnpkg.com/package/deep-is,[object Object],
defer-to-connect@npm:1.1.0,https://yarnpkg.com/package/defer-to-connect,MIT,
define-properties@npm:1.1.3,https://yarnpkg.com/package/define-properties,MIT,
define-property@npm:0.2.5,https://yarnpkg.com/package/define-property,MIT,
define-property@npm:1.0.0,https://yarnpkg.com/package/define-property,MIT,
define-property@npm:2.0.2,https://yarnpkg.com/package/define-property,MIT,
delayed-stream@npm:1.0.0,https://yarnpkg.com/package/delayed-stream,MIT,
delegates@npm:1.0.0,https://yarnpkg.com/package/delegates,MIT,
detect-libc@npm:1.0.3,https://yarnpkg.com/package/detect-libc,Apache-2.0,
detect-newline@npm:2.1.0,https://yarnpkg.com/package/detect-newline,MIT,
diff-sequences@npm:24.9.0,https://yarnpkg.com/package/diff-sequences,MIT,
doctrine@npm:3.0.0,https://yarnpkg.com/package/doctrine,Apache-2.0,
domexception@npm:1.0.1,https://yarnpkg.com/package/domexception,MIT,
duplexer3@npm:0.1.4,https://yarnpkg.com/package/duplexer3,BSD-3-Clause,
ecc-jsbn@npm:0.1.2,https://yarnpkg.com/package/ecc-jsbn,MIT,
emoji-regex@npm:7.0.3,https://yarnpkg.com/package/emoji-regex,MIT,
emoji-regex@npm:8.0.0,https://yarnpkg.com/package/emoji-regex,MIT,
end-of-stream@npm:1.4.4,https://yarnpkg.com/package/end-of-stream,MIT,
env-paths@npm:2.2.0,https://yarnpkg.com/package/env-paths,MIT,
error-ex@npm:1.3.2,https://yarnpkg.com/package/error-ex,MIT,
es-abstract@npm:1.16.2,https://yarnpkg.com/package/es-abstract,MIT,
es-to-primitive@npm:1.2.1,https://yarnpkg.com/package/es-to-primitive,MIT,
escape-string-regexp@npm:1.0.5,https://yarnpkg.com/package/escape-string-regexp,MIT,
escodegen@npm:1.12.0,https://yarnpkg.com/package/escodegen,BSD-2-Clause,
eslint-plugin-header@npm:3.0.0,https://yarnpkg.com/package/eslint-plugin-header,MIT,
eslint-scope@npm:5.0.0,https://yarnpkg.com/package/eslint-scope,BSD-2-Clause,
eslint-utils@npm:1.4.3,https://yarnpkg.com/package/eslint-utils,MIT,
eslint-visitor-keys@npm:1.1.0,https://yarnpkg.com/package/eslint-visitor-keys,Apache-2.0,
eslint@npm:6.8.0,https://yarnpkg.com/package/eslint,MIT,
espree@npm:6.1.2,https://yarnpkg.com/package/espree,BSD-2-Clause,
esprima@npm:3.1.3,https://yarnpkg.com/package/esprima,BSD-2-Clause,
esprima@npm:4.0.1,https://yarnpkg.com/package/esprima,BSD-2-Clause,
esquery@npm:1.0.1,https://yarnpkg.com/package/esquery,BSD-3-Clause,
esrecurse@npm:4.2.1,https://yarnpkg.com/package/esrecurse,BSD-2-Clause,
estraverse@npm:4.3.0,https://yarnpkg.com/package/estraverse,BSD-2-Clause,
esutils@npm:2.0.3,https://yarnpkg.com/package/esutils,BSD-2-Clause,
exec-sh@npm:0.3.4,https://yarnpkg.com/package/exec-sh,MIT,
execa@npm:1.0.0,https://yarnpkg.com/package/execa,MIT,
exit@npm:0.1.2,https://yarnpkg.com/package/exit,undefined,
expand-brackets@npm:2.1.4,https://yarnpkg.com/package/expand-brackets,MIT,
expect@npm:24.9.0,https://yarnpkg.com/package/expect,MIT,
extend-shallow@npm:2.0.1,https://yarnpkg.com/package/extend-shallow,MIT,
extend-shallow@npm:3.0.2,https://yarnpkg.com/package/extend-shallow,MIT,
extend@npm:3.0.2,https://yarnpkg.com/package/extend,MIT,
external-editor@npm:3.1.0,https://yarnpkg.com/package/external-editor,MIT,
extglob@npm:2.0.4,https://yarnpkg.com/package/extglob,MIT,
extsprintf@npm:1.3.0,https://yarnpkg.com/package/extsprintf,MIT,
fast-deep-equal@npm:2.0.1,https://yarnpkg.com/package/fast-deep-equal,MIT,
fast-json-stable-stringify@npm:2.0.0,https://yarnpkg.com/package/fast-json-stable-stringify,MIT,
fast-levenshtein@npm:2.0.6,https://yarnpkg.com/package/fast-levenshtein,MIT,
fb-watchman@npm:2.0.0,https://yarnpkg.com/package/fb-watchman,Apache-2.0,
figures@npm:3.1.0,https://yarnpkg.com/package/figures,MIT,
file-entry-cache@npm:5.0.1,https://yarnpkg.com/package/file-entry-cache,MIT,
fill-range@npm:4.0.0,https://yarnpkg.com/package/fill-range,MIT,
find-cache-dir@npm:2.1.0,https://yarnpkg.com/package/find-cache-dir,MIT,
find-up@npm:3.0.0,https://yarnpkg.com/package/find-up,MIT,
flat-cache@npm:2.0.1,https://yarnpkg.com/package/flat-cache,MIT,
flatted@npm:2.0.1,https://yarnpkg.com/package/flatted,ISC,
fn-name@npm:2.0.1,https://yarnpkg.com/package/fn-name,MIT,
for-in@npm:1.0.2,https://yarnpkg.com/package/for-in,MIT,
forever-agent@npm:0.6.1,https://yarnpkg.com/package/forever-agent,Apache-2.0,
form-data@npm:2.3.3,https://yarnpkg.com/package/form-data,MIT,
form-data@npm:2.5.1,https://yarnpkg.com/package/form-data,MIT,
fragment-cache@npm:0.2.1,https://yarnpkg.com/package/fragment-cache,MIT,
fs-minipass@npm:1.2.7,https://yarnpkg.com/package/fs-minipass,ISC,
fs-readdir-recursive@npm:1.1.0,https://yarnpkg.com/package/fs-readdir-recursive,MIT,
fs.realpath@npm:1.0.0,https://yarnpkg.com/package/fs.realpath,ISC,
fsevents@npm:1.2.9,https://yarnpkg.com/package/fsevents,MIT,
function-bind@npm:1.1.1,https://yarnpkg.com/package/function-bind,MIT,
functional-red-black-tree@npm:1.0.1,https://yarnpkg.com/package/functional-red-black-tree,MIT,
gauge@npm:2.7.4,https://yarnpkg.com/package/gauge,ISC,
gensync@npm:1.0.0-beta.1,https://yarnpkg.com/package/gensync,MIT,
get-caller-file@npm:2.0.5,https://yarnpkg.com/package/get-caller-file,ISC,
get-stream@npm:4.1.0,https://yarnpkg.com/package/get-stream,MIT,
get-stream@npm:5.1.0,https://yarnpkg.com/package/get-stream,MIT,
get-value@npm:2.0.6,https://yarnpkg.com/package/get-value,MIT,
getpass@npm:0.1.7,https://yarnpkg.com/package/getpass,MIT,
glob-parent@npm:3.1.0,https://yarnpkg.com/package/glob-parent,ISC,
glob-parent@npm:5.1.0,https://yarnpkg.com/package/glob-parent,ISC,
glob@npm:7.1.6,https://yarnpkg.com/package/glob,ISC,
globals@npm:11.12.0,https://yarnpkg.com/package/globals,MIT,
globals@npm:12.3.0,https://yarnpkg.com/package/globals,MIT,
got@npm:9.6.0,https://yarnpkg.com/package/got,MIT,
graceful-fs@npm:4.2.3,https://yarnpkg.com/package/graceful-fs,ISC,
growly@npm:1.3.0,https://yarnpkg.com/package/growly,MIT,
handlebars@npm:4.5.3,https://yarnpkg.com/package/handlebars,MIT,
har-schema@npm:2.0.0,https://yarnpkg.com/package/har-schema,ISC,
har-validator@npm:5.1.3,https://yarnpkg.com/package/har-validator,MIT,
has-flag@npm:3.0.0,https://yarnpkg.com/package/has-flag,MIT,
has-flag@npm:4.0.0,https://yarnpkg.com/package/has-flag,MIT,
has-own-prop@npm:2.0.0,https://yarnpkg.com/package/has-own-prop,MIT,
has-symbols@npm:1.0.1,https://yarnpkg.com/package/has-symbols,MIT,
has-unicode@npm:2.0.1,https://yarnpkg.com/package/has-unicode,ISC,
has-value@npm:0.3.1,https://yarnpkg.com/package/has-value,MIT,
has-value@npm:1.0.0,https://yarnpkg.com/package/has-value,MIT,
has-values@npm:0.1.4,https://yarnpkg.com/package/has-values,MIT,
has-values@npm:1.0.0,https://yarnpkg.com/package/has-values,MIT,
has@npm:1.0.3,https://yarnpkg.com/package/has,MIT,
hosted-git-info@npm:2.8.5,https://yarnpkg.com/package/hosted-git-info,ISC,
html-encoding-sniffer@npm:1.0.2,https://yarnpkg.com/package/html-encoding-sniffer,MIT,
http-cache-semantics@npm:4.0.3,https://yarnpkg.com/package/http-cache-semantics,BSD-2-Clause,
http-signature@npm:1.2.0,https://yarnpkg.com/package/http-signature,MIT,
iconv-lite@npm:0.4.24,https://yarnpkg.com/package/iconv-lite,MIT,
ignore-walk@npm:3.0.3,https://yarnpkg.com/package/ignore-walk,ISC,
ignore@npm:4.0.6,https://yarnpkg.com/package/ignore,MIT,
import-fresh@npm:3.2.1,https://yarnpkg.com/package/import-fresh,MIT,
import-local@npm:2.0.0,https://yarnpkg.com/package/import-local,MIT,
imurmurhash@npm:0.1.4,https://yarnpkg.com/package/imurmurhash,MIT,
inflight@npm:1.0.6,https://yarnpkg.com/package/inflight,ISC,
inherits@npm:2.0.4,https://yarnpkg.com/package/inherits,ISC,
ini@npm:1.3.5,https://yarnpkg.com/package/ini,ISC,
inquirer@npm:7.0.3,https://yarnpkg.com/package/inquirer,MIT,
invariant@npm:2.2.4,https://yarnpkg.com/package/invariant,MIT,
is-accessor-descriptor@npm:0.1.6,https://yarnpkg.com/package/is-accessor-descriptor,MIT,
is-accessor-descriptor@npm:1.0.0,https://yarnpkg.com/package/is-accessor-descriptor,MIT,
is-arrayish@npm:0.2.1,https://yarnpkg.com/package/is-arrayish,MIT,
is-binary-path@npm:1.0.1,https://yarnpkg.com/package/is-binary-path,MIT,
is-buffer@npm:1.1.6,https://yarnpkg.com/package/is-buffer,MIT,
is-callable@npm:1.1.4,https://yarnpkg.com/package/is-callable,MIT,
is-ci@npm:2.0.0,https://yarnpkg.com/package/is-ci,MIT,
is-data-descriptor@npm:0.1.4,https://yarnpkg.com/package/is-data-descriptor,MIT,
is-data-descriptor@npm:1.0.0,https://yarnpkg.com/package/is-data-descriptor,MIT,
is-date-object@npm:1.0.1,https://yarnpkg.com/package/is-date-object,MIT,
is-descriptor@npm:0.1.6,https://yarnpkg.com/package/is-descriptor,MIT,
is-descriptor@npm:1.0.2,https://yarnpkg.com/package/is-descriptor,MIT,
is-extendable@npm:0.1.1,https://yarnpkg.com/package/is-extendable,MIT,
is-extendable@npm:1.0.1,https://yarnpkg.com/package/is-extendable,MIT,
is-extglob@npm:2.1.1,https://yarnpkg.com/package/is-extglob,MIT,
is-fullwidth-code-point@npm:1.0.0,https://yarnpkg.com/package/is-fullwidth-code-point,MIT,
is-fullwidth-code-point@npm:2.0.0,https://yarnpkg.com/package/is-fullwidth-code-point,MIT,
is-fullwidth-code-point@npm:3.0.0,https://yarnpkg.com/package/is-fullwidth-code-point,MIT,
is-generator-fn@npm:2.1.0,https://yarnpkg.com/package/is-generator-fn,MIT,
is-glob@npm:3.1.0,https://yarnpkg.com/package/is-glob,MIT,
is-glob@npm:4.0.1,https://yarnpkg.com/package/is-glob,MIT,
is-number@npm:3.0.0,https://yarnpkg.com/package/is-number,MIT,
is-plain-object@npm:2.0.4,https://yarnpkg.com/package/is-plain-object,MIT,
is-promise@npm:2.1.0,https://yarnpkg.com/package/is-promise,MIT,
is-regex@npm:1.0.4,https://yarnpkg.com/package/is-regex,MIT,
is-stream@npm:1.1.0,https://yarnpkg.com/package/is-stream,MIT,
is-symbol@npm:1.0.3,https://yarnpkg.com/package/is-symbol,MIT,
is-typedarray@npm:1.0.0,https://yarnpkg.com/package/is-typedarray,MIT,
is-windows@npm:1.0.2,https://yarnpkg.com/package/is-windows,MIT,
is-wsl@npm:1.1.0,https://yarnpkg.com/package/is-wsl,MIT,
isarray@npm:1.0.0,https://yarnpkg.com/package/isarray,MIT,
isexe@npm:2.0.0,https://yarnpkg.com/package/isexe,ISC,
isobject@npm:2.1.0,https://yarnpkg.com/package/isobject,MIT,
isobject@npm:3.0.1,https://yarnpkg.com/package/isobject,MIT,
isstream@npm:0.1.2,https://yarnpkg.com/package/isstream,MIT,
istanbul-lib-coverage@npm:2.0.5,https://yarnpkg.com/package/istanbul-lib-coverage,BSD-3-Clause,
istanbul-lib-instrument@npm:3.3.0,https://yarnpkg.com/package/istanbul-lib-instrument,BSD-3-Clause,
istanbul-lib-report@npm:2.0.8,https://yarnpkg.com/package/istanbul-lib-report,BSD-3-Clause,
istanbul-lib-source-maps@npm:3.0.6,https://yarnpkg.com/package/istanbul-lib-source-maps,BSD-3-Clause,
istanbul-reports@npm:2.2.6,https://yarnpkg.com/package/istanbul-reports,BSD-3-Clause,
jest-changed-files@npm:24.9.0,https://yarnpkg.com/package/jest-changed-files,MIT,
jest-cli@npm:24.9.0,https://yarnpkg.com/package/jest-cli,MIT,
jest-config@npm:24.9.0,https://yarnpkg.com/package/jest-config,MIT,
jest-diff@npm:24.9.0,https://yarnpkg.com/package/jest-diff,MIT,
jest-docblock@npm:24.9.0,https://yarnpkg.com/package/jest-docblock,MIT,
jest-each@npm:24.9.0,https://yarnpkg.com/package/jest-each,MIT,
jest-environment-jsdom@npm:24.9.0,https://yarnpkg.com/package/jest-environment-jsdom,MIT,
jest-environment-node@npm:24.9.0,https://yarnpkg.com/package/jest-environment-node,MIT,
jest-get-type@npm:24.9.0,https://yarnpkg.com/package/jest-get-type,MIT,
jest-haste-map@npm:24.9.0,https://yarnpkg.com/package/jest-haste-map,MIT,
jest-jasmine2@npm:24.9.0,https://yarnpkg.com/package/jest-jasmine2,MIT,
jest-leak-detector@npm:24.9.0,https://yarnpkg.com/package/jest-leak-detector,MIT,
jest-matcher-utils@npm:24.9.0,https://yarnpkg.com/package/jest-matcher-utils,MIT,
jest-message-util@npm:24.9.0,https://yarnpkg.com/package/jest-message-util,MIT,
jest-mock@npm:24.9.0,https://yarnpkg.com/package/jest-mock,MIT,
jest-pnp-resolver@npm:1.2.1,https://yarnpkg.com/package/jest-pnp-resolver,MIT,
jest-regex-util@npm:24.9.0,https://yarnpkg.com/package/jest-regex-util,MIT,
jest-resolve-dependencies@npm:24.9.0,https://yarnpkg.com/package/jest-resolve-dependencies,MIT,
jest-resolve@npm:24.9.0,https://yarnpkg.com/package/jest-resolve,MIT,
jest-runner@npm:24.9.0,https://yarnpkg.com/package/jest-runner,MIT,
jest-runtime@npm:24.9.0,https://yarnpkg.com/package/jest-runtime,MIT,
jest-serializer@npm:24.9.0,https://yarnpkg.com/package/jest-serializer,MIT,
jest-snapshot@npm:24.9.0,https://yarnpkg.com/package/jest-snapshot,MIT,
jest-util@npm:24.9.0,https://yarnpkg.com/package/jest-util,MIT,
jest-validate@npm:24.9.0,https://yarnpkg.com/package/jest-validate,MIT,
jest-watcher@npm:24.9.0,https://yarnpkg.com/package/jest-watcher,MIT,
jest-worker@npm:24.9.0,https://yarnpkg.com/package/jest-worker,MIT,
jest@npm:24.9.0,https://yarnpkg.com/package/jest,MIT,
js-tokens@npm:4.0.0,https://yarnpkg.com/package/js-tokens,MIT,
js-yaml@npm:3.13.1,https://yarnpkg.com/package/js-yaml,MIT,
jsbn@npm:0.1.1,https://yarnpkg.com/package/jsbn,MIT,
jsdom@npm:11.12.0,https://yarnpkg.com/package/jsdom,MIT,
jsesc@npm:2.5.2,https://yarnpkg.com/package/jsesc,MIT,
json-buffer@npm:3.0.0,https://yarnpkg.com/package/json-buffer,MIT,
json-parse-better-errors@npm:1.0.2,https://yarnpkg.com/package/json-parse-better-errors,MIT,
json-schema-traverse@npm:0.4.1,https://yarnpkg.com/package/json-schema-traverse,MIT,
json-schema@npm:0.2.3,https://yarnpkg.com/package/json-schema,undefined,
json-stable-stringify-without-jsonify@npm:1.0.1,https://yarnpkg.com/package/json-stable-stringify-without-jsonify,MIT,
json-stringify-safe@npm:5.0.1,https://yarnpkg.com/package/json-stringify-safe,ISC,
json5@npm:2.1.1,https://yarnpkg.com/package/json5,MIT,
jsprim@npm:1.4.1,https://yarnpkg.com/package/jsprim,MIT,
keyv@npm:3.1.0,https://yarnpkg.com/package/keyv,MIT,
kind-of@npm:3.2.2,https://yarnpkg.com/package/kind-of,MIT,
kind-of@npm:4.0.0,https://yarnpkg.com/package/kind-of,MIT,
kind-of@npm:5.1.0,https://yarnpkg.com/package/kind-of,MIT,
kind-of@npm:6.0.2,https://yarnpkg.com/package/kind-of,MIT,
kleur@npm:3.0.3,https://yarnpkg.com/package/kleur,MIT,
left-pad@npm:1.3.0,https://yarnpkg.com/package/left-pad,WTFPL,
leven@npm:3.1.0,https://yarnpkg.com/package/leven,MIT,
levn@npm:0.3.0,https://yarnpkg.com/package/levn,MIT,
load-json-file@npm:4.0.0,https://yarnpkg.com/package/load-json-file,MIT,
locate-path@npm:3.0.0,https://yarnpkg.com/package/locate-path,MIT,
lodash.sortby@npm:4.7.0,https://yarnpkg.com/package/lodash.sortby,MIT,
lodash.unescape@npm:4.0.1,https://yarnpkg.com/package/lodash.unescape,MIT,
lodash@npm:4.17.15,https://yarnpkg.com/package/lodash,MIT,
loose-envify@npm:1.4.0,https://yarnpkg.com/package/loose-envify,MIT,
lowercase-keys@npm:1.0.1,https://yarnpkg.com/package/lowercase-keys,MIT,
lowercase-keys@npm:2.0.0,https://yarnpkg.com/package/lowercase-keys,MIT,
make-dir@npm:2.1.0,https://yarnpkg.com/package/make-dir,MIT,
makeerror@npm:1.0.11,https://yarnpkg.com/package/makeerror,BSD-3-Clause,
map-cache@npm:0.2.2,https://yarnpkg.com/package/map-cache,MIT,
map-visit@npm:1.0.0,https://yarnpkg.com/package/map-visit,MIT,
merge-stream@npm:2.0.0,https://yarnpkg.com/package/merge-stream,MIT,
micromatch@npm:3.1.10,https://yarnpkg.com/package/micromatch,MIT,
mime-db@npm:1.42.0,https://yarnpkg.com/package/mime-db,MIT,
mime-types@npm:2.1.25,https://yarnpkg.com/package/mime-types,MIT,
mimic-fn@npm:2.1.0,https://yarnpkg.com/package/mimic-fn,MIT,
mimic-response@npm:1.0.1,https://yarnpkg.com/package/mimic-response,MIT,
minimatch@npm:3.0.4,https://yarnpkg.com/package/minimatch,ISC,
minimist@npm:0.0.8,https://yarnpkg.com/package/minimist,MIT,
minimist@npm:1.2.0,https://yarnpkg.com/package/minimist,MIT,
minipass@npm:2.9.0,https://yarnpkg.com/package/minipass,ISC,
minizlib@npm:1.3.3,https://yarnpkg.com/package/minizlib,MIT,
mixin-deep@npm:1.3.2,https://yarnpkg.com/package/mixin-deep,MIT,
mkdirp@npm:0.5.1,https://yarnpkg.com/package/mkdirp,MIT,
ms@npm:2.0.0,https://yarnpkg.com/package/ms,MIT,
ms@npm:2.1.2,https://yarnpkg.com/package/ms,MIT,
mute-stream@npm:0.0.8,https://yarnpkg.com/package/mute-stream,ISC,
nan@npm:2.14.0,https://yarnpkg.com/package/nan,MIT,
nanomatch@npm:1.2.13,https://yarnpkg.com/package/nanomatch,MIT,
natural-compare@npm:1.4.0,https://yarnpkg.com/package/natural-compare,MIT,
needle@npm:2.4.0,https://yarnpkg.com/package/needle,MIT,
neo-async@npm:2.6.1,https://yarnpkg.com/package/neo-async,MIT,
nice-try@npm:1.0.5,https://yarnpkg.com/package/nice-try,MIT,
node-gyp@npm:6.0.1,https://yarnpkg.com/package/node-gyp,MIT,
node-int64@npm:0.4.0,https://yarnpkg.com/package/node-int64,MIT,
node-modules-regexp@npm:1.0.0,https://yarnpkg.com/package/node-modules-regexp,MIT,
node-notifier@npm:5.4.3,https://yarnpkg.com/package/node-notifier,MIT,
node-pre-gyp@npm:0.12.0,https://yarnpkg.com/package/node-pre-gyp,BSD-3-Clause,
nopt@npm:4.0.1,https://yarnpkg.com/package/nopt,ISC,
normalize-package-data@npm:2.5.0,https://yarnpkg.com/package/normalize-package-data,BSD-2-Clause,
normalize-path@npm:2.1.1,https://yarnpkg.com/package/normalize-path,MIT,
normalize-path@npm:3.0.0,https://yarnpkg.com/package/normalize-path,MIT,
normalize-url@npm:4.5.0,https://yarnpkg.com/package/normalize-url,MIT,
npm-bundled@npm:1.0.6,https://yarnpkg.com/package/npm-bundled,ISC,
npm-packlist@npm:1.4.6,https://yarnpkg.com/package/npm-packlist,ISC,
npm-run-path@npm:2.0.2,https://yarnpkg.com/package/npm-run-path,MIT,
npmlog@npm:4.1.2,https://yarnpkg.com/package/npmlog,ISC,
number-is-nan@npm:1.0.1,https://yarnpkg.com/package/number-is-nan,MIT,
nwsapi@npm:2.2.0,https://yarnpkg.com/package/nwsapi,MIT,
oauth-sign@npm:0.9.0,https://yarnpkg.com/package/oauth-sign,Apache-2.0,
object-assign@npm:4.1.1,https://yarnpkg.com/package/object-assign,MIT,
object-copy@npm:0.1.0,https://yarnpkg.com/package/object-copy,MIT,
object-inspect@npm:1.7.0,https://yarnpkg.com/package/object-inspect,MIT,
object-keys@npm:1.1.1,https://yarnpkg.com/package/object-keys,MIT,
object-visit@npm:1.0.1,https://yarnpkg.com/package/object-visit,MIT,
object.assign@npm:4.1.0,https://yarnpkg.com/package/object.assign,MIT,
object.getownpropertydescriptors@npm:2.0.3,https://yarnpkg.com/package/object.getownpropertydescriptors,MIT,
object.pick@npm:1.3.0,https://yarnpkg.com/package/object.pick,MIT,
once@npm:1.4.0,https://yarnpkg.com/package/once,ISC,
onetime@npm:5.1.0,https://yarnpkg.com/package/onetime,MIT,
optimist@npm:0.6.1,https://yarnpkg.com/package/optimist,MIT/X11,
optionator@npm:0.8.3,https://yarnpkg.com/package/optionator,MIT,
os-homedir@npm:1.0.2,https://yarnpkg.com/package/os-homedir,MIT,
os-tmpdir@npm:1.0.2,https://yarnpkg.com/package/os-tmpdir,MIT,
osenv@npm:0.1.5,https://yarnpkg.com/package/osenv,ISC,
p-cancelable@npm:1.1.0,https://yarnpkg.com/package/p-cancelable,MIT,
p-each-series@npm:1.0.0,https://yarnpkg.com/package/p-each-series,MIT,
p-finally@npm:1.0.0,https://yarnpkg.com/package/p-finally,MIT,
p-limit@npm:2.2.1,https://yarnpkg.com/package/p-limit,MIT,
p-locate@npm:3.0.0,https://yarnpkg.com/package/p-locate,MIT,
p-reduce@npm:1.0.0,https://yarnpkg.com/package/p-reduce,MIT,
p-try@npm:2.2.0,https://yarnpkg.com/package/p-try,MIT,
parent-module@npm:1.0.1,https://yarnpkg.com/package/parent-module,MIT,
parse-json@npm:4.0.0,https://yarnpkg.com/package/parse-json,MIT,
parse5@npm:4.0.0,https://yarnpkg.com/package/parse5,MIT,
pascalcase@npm:0.1.1,https://yarnpkg.com/package/pascalcase,MIT,
path-dirname@npm:1.0.2,https://yarnpkg.com/package/path-dirname,MIT,
path-exists@npm:3.0.0,https://yarnpkg.com/package/path-exists,MIT,
path-is-absolute@npm:1.0.1,https://yarnpkg.com/package/path-is-absolute,MIT,
path-key@npm:2.0.1,https://yarnpkg.com/package/path-key,MIT,
path-parse@npm:1.0.6,https://yarnpkg.com/package/path-parse,MIT,
path-type@npm:3.0.0,https://yarnpkg.com/package/path-type,MIT,
performance-now@npm:2.1.0,https://yarnpkg.com/package/performance-now,MIT,
pify@npm:3.0.0,https://yarnpkg.com/package/pify,MIT,
pify@npm:4.0.1,https://yarnpkg.com/package/pify,MIT,
pirates@npm:4.0.1,https://yarnpkg.com/package/pirates,MIT,
pkg-dir@npm:3.0.0,https://yarnpkg.com/package/pkg-dir,MIT,
pn@npm:1.1.0,https://yarnpkg.com/package/pn,MIT,
posix-character-classes@npm:0.1.1,https://yarnpkg.com/package/posix-character-classes,MIT,
prelude-ls@npm:1.1.2,https://yarnpkg.com/package/prelude-ls,undefined,
prepend-http@npm:2.0.0,https://yarnpkg.com/package/prepend-http,MIT,
pretty-format@npm:24.9.0,https://yarnpkg.com/package/pretty-format,MIT,
process-nextick-args@npm:2.0.1,https://yarnpkg.com/package/process-nextick-args,MIT,
progress@npm:2.0.3,https://yarnpkg.com/package/progress,MIT,
prompts@npm:2.3.0,https://yarnpkg.com/package/prompts,MIT,
property-expr@npm:1.5.1,https://yarnpkg.com/package/property-expr,MIT,
psl@npm:1.4.0,https://yarnpkg.com/package/psl,MIT,
pump@npm:3.0.0,https://yarnpkg.com/package/pump,MIT,
punycode@npm:1.4.1,https://yarnpkg.com/package/punycode,MIT,
punycode@npm:2.1.1,https://yarnpkg.com/package/punycode,MIT,
qs@npm:6.5.2,https://yarnpkg.com/package/qs,BSD-3-Clause,
rc@npm:1.2.8,https://yarnpkg.com/package/rc,(BSD-2-Clause OR MIT OR Apache-2.0),
react-is@npm:16.12.0,https://yarnpkg.com/package/react-is,MIT,
read-pkg-up@npm:4.0.0,https://yarnpkg.com/package/read-pkg-up,MIT,
read-pkg@npm:3.0.0,https://yarnpkg.com/package/read-pkg,MIT,
readable-stream@npm:2.3.6,https://yarnpkg.com/package/readable-stream,MIT,
readable-stream@npm:2.3.7,https://yarnpkg.com/package/readable-stream,MIT,
readdirp@npm:2.2.1,https://yarnpkg.com/package/readdirp,MIT,
realpath-native@npm:1.1.0,https://yarnpkg.com/package/realpath-native,MIT,
regenerator-runtime@npm:0.13.3,https://yarnpkg.com/package/regenerator-runtime,MIT,
regex-not@npm:1.0.2,https://yarnpkg.com/package/regex-not,MIT,
regexpp@npm:2.0.1,https://yarnpkg.com/package/regexpp,MIT,
remove-trailing-separator@npm:1.1.0,https://yarnpkg.com/package/remove-trailing-separator,ISC,
repeat-element@npm:1.1.3,https://yarnpkg.com/package/repeat-element,MIT,
repeat-string@npm:1.6.1,https://yarnpkg.com/package/repeat-string,MIT,
request-promise-core@npm:1.1.3,https://yarnpkg.com/package/request-promise-core,ISC,
request-promise-native@npm:1.0.8,https://yarnpkg.com/package/request-promise-native,ISC,
request@npm:2.88.0,https://yarnpkg.com/package/request,Apache-2.0,
require-directory@npm:2.1.1,https://yarnpkg.com/package/require-directory,MIT,
require-main-filename@npm:2.0.0,https://yarnpkg.com/package/require-main-filename,ISC,
resolve-cwd@npm:2.0.0,https://yarnpkg.com/package/resolve-cwd,MIT,
resolve-from@npm:3.0.0,https://yarnpkg.com/package/resolve-from,MIT,
resolve-from@npm:4.0.0,https://yarnpkg.com/package/resolve-from,MIT,
resolve-url@npm:0.2.1,https://yarnpkg.com/package/resolve-url,MIT,
resolve@npm:1.1.7,https://yarnpkg.com/package/resolve,MIT,
resolve@npm:1.14.2,https://yarnpkg.com/package/resolve,MIT,
resolve@patch:resolve@npm%3A1.1.7#builtin<compat/resolve>::version=1.1.7&hash=88bf65,https://yarnpkg.com/package/resolve,MIT,
resolve@patch:resolve@npm%3A1.14.2#builtin<compat/resolve>::version=1.14.2&hash=88bf65,https://yarnpkg.com/package/resolve,MIT,
responselike@npm:1.0.2,https://yarnpkg.com/package/responselike,MIT,
restore-cursor@npm:3.1.0,https://yarnpkg.com/package/restore-cursor,MIT,
ret@npm:0.1.15,https://yarnpkg.com/package/ret,MIT,
rimraf@npm:2.6.3,https://yarnpkg.com/package/rimraf,ISC,
rimraf@npm:2.7.1,https://yarnpkg.com/package/rimraf,ISC,
rsvp@npm:4.8.5,https://yarnpkg.com/package/rsvp,MIT,
run-async@npm:2.3.0,https://yarnpkg.com/package/run-async,MIT,
rxjs@npm:6.5.4,https://yarnpkg.com/package/rxjs,Apache-2.0,
safe-buffer@npm:5.1.2,https://yarnpkg.com/package/safe-buffer,MIT,
safe-regex@npm:1.1.0,https://yarnpkg.com/package/safe-regex,MIT,
safer-buffer@npm:2.1.2,https://yarnpkg.com/package/safer-buffer,MIT,
sane@npm:4.1.0,https://yarnpkg.com/package/sane,MIT,
sax@npm:1.2.4,https://yarnpkg.com/package/sax,ISC,
semver@npm:5.7.1,https://yarnpkg.com/package/semver,ISC,
semver@npm:6.3.0,https://yarnpkg.com/package/semver,ISC,
set-blocking@npm:2.0.0,https://yarnpkg.com/package/set-blocking,ISC,
set-value@npm:2.0.1,https://yarnpkg.com/package/set-value,MIT,
shebang-command@npm:1.2.0,https://yarnpkg.com/package/shebang-command,MIT,
shebang-regex@npm:1.0.0,https://yarnpkg.com/package/shebang-regex,MIT,
shellwords@npm:0.1.1,https://yarnpkg.com/package/shellwords,MIT,
signal-exit@npm:3.0.2,https://yarnpkg.com/package/signal-exit,ISC,
sisteransi@npm:1.0.4,https://yarnpkg.com/package/sisteransi,MIT,
slash@npm:2.0.0,https://yarnpkg.com/package/slash,MIT,
slice-ansi@npm:2.1.0,https://yarnpkg.com/package/slice-ansi,MIT,
snapdragon-node@npm:2.1.1,https://yarnpkg.com/package/snapdragon-node,MIT,
snapdragon-util@npm:3.0.1,https://yarnpkg.com/package/snapdragon-util,MIT,
snapdragon@npm:0.8.2,https://yarnpkg.com/package/snapdragon,MIT,
source-map-resolve@npm:0.5.2,https://yarnpkg.com/package/source-map-resolve,MIT,
source-map-support@npm:0.5.16,https://yarnpkg.com/package/source-map-support,MIT,
source-map-url@npm:0.4.0,https://yarnpkg.com/package/source-map-url,MIT,
source-map@npm:0.5.7,https://yarnpkg.com/package/source-map,BSD-3-Clause,
source-map@npm:0.6.1,https://yarnpkg.com/package/source-map,BSD-3-Clause,
spdx-correct@npm:3.1.0,https://yarnpkg.com/package/spdx-correct,Apache-2.0,
spdx-exceptions@npm:2.2.0,https://yarnpkg.com/package/spdx-exceptions,CC-BY-3.0,
spdx-expression-parse@npm:3.0.0,https://yarnpkg.com/package/spdx-expression-parse,MIT,
spdx-license-ids@npm:3.0.5,https://yarnpkg.com/package/spdx-license-ids,CC0-1.0,
split-string@npm:3.1.0,https://yarnpkg.com/package/split-string,MIT,
sprintf-js@npm:1.0.3,https://yarnpkg.com/package/sprintf-js,BSD-3-Clause,
sshpk@npm:1.16.1,https://yarnpkg.com/package/sshpk,MIT,
stack-utils@npm:1.0.2,https://yarnpkg.com/package/stack-utils,MIT,
static-extend@npm:0.1.2,https://yarnpkg.com/package/static-extend,MIT,
stealthy-require@npm:1.1.1,https://yarnpkg.com/package/stealthy-require,ISC,
string-length@npm:2.0.0,https://yarnpkg.com/package/string-length,MIT,
string-width@npm:1.0.2,https://yarnpkg.com/package/string-width,MIT,
string-width@npm:3.1.0,https://yarnpkg.com/package/string-width,MIT,
string-width@npm:4.2.0,https://yarnpkg.com/package/string-width,MIT,
string.prototype.trimleft@npm:2.1.0,https://yarnpkg.com/package/string.prototype.trimleft,MIT,
string.prototype.trimright@npm:2.1.0,https://yarnpkg.com/package/string.prototype.trimright,MIT,
string_decoder@npm:1.1.1,https://yarnpkg.com/package/string_decoder,MIT,
strip-ansi@npm:3.0.1,https://yarnpkg.com/package/strip-ansi,MIT,
strip-ansi@npm:4.0.0,https://yarnpkg.com/package/strip-ansi,MIT,
strip-ansi@npm:5.2.0,https://yarnpkg.com/package/strip-ansi,MIT,
strip-ansi@npm:6.0.0,https://yarnpkg.com/package/strip-ansi,MIT,
strip-bom@npm:3.0.0,https://yarnpkg.com/package/strip-bom,MIT,
strip-eof@npm:1.0.0,https://yarnpkg.com/package/strip-eof,MIT,
strip-json-comments@npm:2.0.1,https://yarnpkg.com/package/strip-json-comments,MIT,
strip-json-comments@npm:3.0.1,https://yarnpkg.com/package/strip-json-comments,MIT,
supports-color@npm:5.5.0,https://yarnpkg.com/package/supports-color,MIT,
supports-color@npm:6.1.0,https://yarnpkg.com/package/supports-color,MIT,
supports-color@npm:7.1.0,https://yarnpkg.com/package/supports-color,MIT,
symbol-tree@npm:3.2.4,https://yarnpkg.com/package/symbol-tree,MIT,
synchronous-promise@npm:2.0.10,https://yarnpkg.com/package/synchronous-promise,BSD-3-Clause,
table@npm:5.4.6,https://yarnpkg.com/package/table,BSD-3-Clause,
tar@npm:4.4.13,https://yarnpkg.com/package/tar,ISC,
test-exclude@npm:5.2.3,https://yarnpkg.com/package/test-exclude,ISC,
text-table@npm:0.2.0,https://yarnpkg.com/package/text-table,MIT,
throat@npm:4.1.0,https://yarnpkg.com/package/throat,MIT,
through@npm:2.3.8,https://yarnpkg.com/package/through,MIT,
tmp@npm:0.0.33,https://yarnpkg.com/package/tmp,MIT,
tmp@npm:0.1.0,https://yarnpkg.com/package/tmp,MIT,
tmpl@npm:1.0.4,https://yarnpkg.com/package/tmpl,BSD-3-Clause,
to-fast-properties@npm:2.0.0,https://yarnpkg.com/package/to-fast-properties,MIT,
to-object-path@npm:0.3.0,https://yarnpkg.com/package/to-object-path,MIT,
to-readable-stream@npm:1.0.0,https://yarnpkg.com/package/to-readable-stream,MIT,
to-regex-range@npm:2.1.1,https://yarnpkg.com/package/to-regex-range,MIT,
to-regex@npm:3.0.2,https://yarnpkg.com/package/to-regex,MIT,
toposort@npm:2.0.2,https://yarnpkg.com/package/toposort,MIT,
tough-cookie@npm:2.4.3,https://yarnpkg.com/package/tough-cookie,BSD-3-Clause,
tough-cookie@npm:2.5.0,https://yarnpkg.com/package/tough-cookie,BSD-3-Clause,
tr46@npm:1.0.1,https://yarnpkg.com/package/tr46,MIT,
tslib@npm:1.10.0,https://yarnpkg.com/package/tslib,Apache-2.0,
tsutils@npm:3.17.1,https://yarnpkg.com/package/tsutils,MIT,
tunnel-agent@npm:0.6.0,https://yarnpkg.com/package/tunnel-agent,Apache-2.0,
tweetnacl@npm:0.14.5,https://yarnpkg.com/package/tweetnacl,Unlicense,
type-check@npm:0.3.2,https://yarnpkg.com/package/type-check,MIT,
type-fest@npm:0.8.1,https://yarnpkg.com/package/type-fest,(MIT OR CC0-1.0),
typescript@npm:3.7.4,https://yarnpkg.com/package/typescript,Apache-2.0,
typescript@patch:typescript@npm%3A3.7.4#builtin<compat/typescript>::version=3.7.4&hash=226bd1,https://yarnpkg.com/package/typescript,Apache-2.0,
uglify-js@npm:3.7.0,https://yarnpkg.com/package/uglify-js,BSD-2-Clause,
union-value@npm:1.0.1,https://yarnpkg.com/package/union-value,MIT,
unset-value@npm:1.0.0,https://yarnpkg.com/package/unset-value,MIT,
upath@npm:1.2.0,https://yarnpkg.com/package/upath,MIT,
uri-js@npm:4.2.2,https://yarnpkg.com/package/uri-js,BSD-2-Clause,
urix@npm:0.1.0,https://yarnpkg.com/package/urix,MIT,
url-parse-lax@npm:3.0.0,https://yarnpkg.com/package/url-parse-lax,MIT,
use@npm:3.1.1,https://yarnpkg.com/package/use,MIT,
util-deprecate@npm:1.0.2,https://yarnpkg.com/package/util-deprecate,MIT,
util.promisify@npm:1.0.0,https://yarnpkg.com/package/util.promisify,MIT,
uuid@npm:3.3.3,https://yarnpkg.com/package/uuid,MIT,
v8-compile-cache@npm:2.1.0,https://yarnpkg.com/package/v8-compile-cache,MIT,
validate-npm-package-license@npm:3.0.4,https://yarnpkg.com/package/validate-npm-package-license,Apache-2.0,
verror@npm:1.10.0,https://yarnpkg.com/package/verror,MIT,
w3c-hr-time@npm:1.0.1,https://yarnpkg.com/package/w3c-hr-time,MIT,
walker@npm:1.0.7,https://yarnpkg.com/package/walker,Apache-2.0,
webidl-conversions@npm:4.0.2,https://yarnpkg.com/package/webidl-conversions,BSD-2-Clause,
whatwg-encoding@npm:1.0.5,https://yarnpkg.com/package/whatwg-encoding,MIT,
whatwg-mimetype@npm:2.3.0,https://yarnpkg.com/package/whatwg-mimetype,MIT,
whatwg-url@npm:6.5.0,https://yarnpkg.com/package/whatwg-url,MIT,
whatwg-url@npm:7.1.0,https://yarnpkg.com/package/whatwg-url,MIT,
which-module@npm:2.0.0,https://yarnpkg.com/package/which-module,ISC,
which@npm:1.3.1,https://yarnpkg.com/package/which,ISC,
wide-align@npm:1.1.3,https://yarnpkg.com/package/wide-align,ISC,
word-wrap@npm:1.2.3,https://yarnpkg.com/package/word-wrap,MIT,
wordwrap@npm:0.0.3,https://yarnpkg.com/package/wordwrap,MIT,
wrap-ansi@npm:5.1.0,https://yarnpkg.com/package/wrap-ansi,MIT,
wrappy@npm:1.0.2,https://yarnpkg.com/package/wrappy,ISC,
write-file-atomic@npm:2.4.1,https://yarnpkg.com/package/write-file-atomic,ISC,
write@npm:1.0.3,https://yarnpkg.com/package/write,MIT,
ws@npm:5.2.2,https://yarnpkg.com/package/ws,MIT,
xml-name-validator@npm:3.0.0,https://yarnpkg.com/package/xml-name-validator,Apache-2.0,
y18n@npm:4.0.0,https://yarnpkg.com/package/y18n,ISC,
yallist@npm:3.1.1,https://yarnpkg.com/package/yallist,ISC,
yargs-parser@npm:13.1.1,https://yarnpkg.com/package/yargs-parser,ISC,
yargs@npm:13.3.0,https://yarnpkg.com/package/yargs,MIT,
yup@npm:0.27.0,https://yarnpkg.com/package/yup,MIT,
